,Links
Sepia apama,5
Opisthoteuthis mero,1
Cirroctopus hochbergi,1
Holothuria fuscogilva,2
Montipora angulata,18
Favia rosaria,17
Acropora divaricata,18
Acropora willisae,18
Montipora nodosa,18
Favites complanata,17
Echinopora gemmacea,17
Acropora longicyathus,18
Goniastrea favulus,17
Leptastrea bewickensis,17
Montipora millepora,18
Acropora pulchra,18
Echinopora mammiformis,17
Acropora caroliniana,18
Acropora retusa,18
Acropora latistella,18
Astreopora ocellata,17
Platygyra sinensis,17
Astreopora cucullata,17
Acropora austera,18
Astreopora moretonensis,17
Montastrea annuligera,17
Isopora brueggemanni,17
Echinopora hirsutissima,17
Heliopora coerulea,17
Montipora incrassata,18
Acropora clathrata,18
Favia speciosa,17
Acropora donei,18
Montipora hispida,18
Montipora spongodes,18
Acropora tortuosa,18
Trachyphyllia geoffroyi,17
Acropora nobilis,18
Acropora sarmentosa,18
Leptastrea pruinosa,17
Montipora turgescens,18
Favia rotundata,18
Leptoria irregularis,17
Acropora cytherea,18
Acropora horrida,18
Acropora solitaryensis,18
Acropora dendrum,18
Oulophyllia bennettae,17
Acropora microclados,18
Favia laxa,17
Caulastrea furcata,17
Montipora capricornis,18
Leptastrea inaequalis,17
Echinopora horrida,17
Montipora crassituberculata,17
Montipora australiensis,18
Montipora turtlensis,18
Montipora cocosensis,18
Acropora bushyensis,18
Acropora hyacinthus,18
Acropora chesterfieldensis,18
Favia lizardensis,17
Acropora anthocercis,18
Isopora elizabethensis,18
Acropora yongei,18
Acropora glauca,18
Montipora spumosa,18
Montipora peltiformis,18
Montipora undata,18
Acropora valenciennesi,18
Acropora polystoma,18
Platygyra lamellina,17
Favites chinensis,17
Montipora mollis,18
Acropora subulata,18
Acropora nana,18
Acropora florida,18
Favia maxima,17
Goniastrea australensis,17
Acropora secale,18
Montastrea curta,17
Favia pallida,17
Acropora acuminata,18
Acropora granulosa,18
Acropora listeri,18
Acropora loripes,18
Montastrea magnistellata,17
Leptoria phrygia,17
Acropora humilis,18
Montastrea valenciennesi,17
Acropora samoensis,18
Acropora grandis,18
Acropora tenuis,18
Acropora microphthalma,18
Favia rotumana,17
Favites halicora,17
Montipora informis,18
Montipora foliosa,18
Echinopora lamellosa,17
Leptastrea purpurea,17
Montipora lobulata,18
Acropora aspera,18
Cyphastrea serailia,17
Montipora efflorescens,18
Montipora floweri,18
Oulophyllia crispa,17
Favites pentagona,17
Montipora caliculata,18
Acropora nasuta,18
Favites flexuosa,17
Acropora robusta,18
Acropora digitifera,18
Astreopora listeri,17
Plesiastrea versipora,17
Favites abdita,17
Astreopora myriophthalma,17
Acropora valida,18
Astreopora gracilis,17
Acropora lutkeni,18
Montipora aequituberculata,19
Acropora monticulosa,18
Acropora gemmifera,18
Cyphastrea chalcidicum,17
Acropora lovelli,18
Favites russelli,17
Montipora tuberculosa,18
Goniastrea edwardsi,17
Acropora globiceps,18
Goniastrea pectinata,17
Montipora grisea,18
Favia danae,17
Montipora foveolata,18
Platygyra pini,17
Montipora danae,18
Goniastrea aspera,17
Acropora aculeus,18
Platygyra daedalea,17
Montipora monasteriata,18
Acropora palmerae,18
Acropora verweyi,18
Goniastrea palauensis,17
Favia favus,17
Acropora cerealis,18
Favia stelligera,17
Favia matthaii,17
Goniastrea retiformis,17
Montipora venosa,18
Favia maritima,17
Acropora formosa,18
Montipora verrucosa,18
Cyphastrea microphthalma,17
Acropora abrotanoides,18
Leptastrea transversa,17
Isopora cuneata,19
Acropora millepora,18
Montipora hoffmeisteri,18
Opisthoteuthis chathamensis,1
